weather_indicator,trip_count,mean,sd,median
0,100926,21.547534442495717,7.142455948933994,20.75
1,376387,21.492445845281132,7.134548555112323,20.6333333333333
