weather_indicator,trip_count,mean,sd
0,100926,21.547534442495447,7.142455948936061
1,376387,21.49244584528124,7.134548555115552
