weather_indicator,trip_count,mean,sd
1,239150,19.299511239198022,7.270752344587327
0,65743,19.35168842498197,7.195223825874474
