weather_indicator,trip_count,mean,sd
1,41532,19.63501397186355,7.11428970228269
0,9485,19.485368768895427,6.718172464791757
