weather_indicator,trip_count,mean,sd,median
0,9485,19.485368768895373,6.718172464791921,18.5666666666667
1,41532,19.63501397186364,7.114289702282352,18.55
