weather_indicator,trip_count,mean,sd,median
0,10596,16.723361339249237,5.434168119700355,16
1,44880,16.894201493368943,5.511763189496562,16.0166666666667
