weather_indicator,trip_count,mean,sd
0,10717,17.081539395070973,6.083361205216517
1,45262,17.22989575275341,5.8187861019133
