weather_indicator,trip_count,mean,sd
1,44880,16.894201493368875,5.5117631894968975
0,10596,16.72336133924921,5.434168119700458
