weather_indicator,trip_count,mean,sd,median
0,8710,18.16030351743405,6.351693863846292,17.3
1,36751,18.525221620346386,6.427199670277467,17.7666666666667
