weather_indicator,trip_count,mean,sd
1,36751,18.52522162034637,6.42719967027753
0,8710,18.160303517434038,6.351693863846329
