weather_indicator,trip_count,mean,sd
0,8812,18.33170279574772,6.319591159832928
1,37262,18.738061551403284,6.601727771701675
