airport_code,trips_count,mean,median
EWR,77566,41.554262340901005,38.2833333333333
JFK,399309,46.17206717258185,43.8166666666667
LGA,894350,28.875617636751528,27
